conm,cusip,cusip9digit,gvkey,id1,loc,ticker
1ST ENTERPRISE BANK,32008C10,32008C108,175290,19,USA,3FENB
1MAGE SOFTWARE INC,45244M10,45244M102,5962,11,USA,ISOL
1ST BANCORP IND,31867L10,31867L100,18284,13,USA,FBCV.1
1PM INDUSTRIES INC,68276T10,68276T100,25089,12,USA,OPMZ
1LIFE HEALTHCARE INC,68269G10,68269G107,36025,10,USA,ONEM
1ST CAPITAL BANK,31944C10,31944C107,177646,15,USA,FISB
1ST PRESTIGE WEALTH MGMT INC,33612Y10,33612Y106,65525,23,USA,FPWM
180 CONNECT INC,68234310,682343108,160475,3,USA,3CNCT
1ST WASHINGTON BANCORP INC,33690910,336909106,17147,28,USA,WFSB
1847 GOEDEKER INC -REDH,38399M93,38399M936,36399,8,USA,GOED
1ST UTD BANCORP,33740710,337407100,25769,27,USA,FUBC.
2 I INC,90206510,902065101,27778,29,USA,TWOI
202 DATA SYSTEMS INC,90206410,902064104,10785,31,USA,3TOOT.
3D LABS INC LTD,G8846W10,G8846W103,64005,50,USA,TDDD
3D IMAGE TECHNOLOGY INC,88554F10,88554F101,31023,49,USA,3TDITE
21ST CENTURY ONCOLOGY HOLDINGS,90131G10,90131G107,265008,36,USA,ICC
21ST CENTURY FILM CORP,90131B10,90131B108,16157,34,USA,TFFC
3D PIONEER SYSTEMS INC,88555Y10,88555Y109,17803,51,USA,DPSM
4D MOLECULAR THER INC -REDH,35099P93,35099P938,35729,63,USA,DDDD
3 BEALLS HOLDING CORP,88553100,885531004,15034,42,USA,5983A
30DC INC,88430R10,88430R105,185558,43,USA,TDCH
360NETWORKS INC,88575T20,88575T205,134453,45,USA,3TSIXQ.1
3DX INDUSTRIES INC,88556A10,88556A100,182637,58,USA,DDDX
808 RENEWABLE ENERGY CORP,28252A10,28252A103,21189,77,USA,RNWR
8POINT3 ENERGY PARTNERS LP,28253910,282539105,23287,79,USA,CAFD
A CLEAN SLATE INC,00089L10,00089L107,186661,86,USA,DRWN
A & W BRANDS INC,00020910,000209106,13592,84,USA,SODA.1
9278 COMMUNICATIONS INC,65440W10,65440W100,65381,82,USA,3NTSE
2ND SWING INC-REDH,90211X10,90211X103,110061,40,USA,SSG.3
800 AMERICA.COM INC,28248N10,28248N102,125859,73,USA,3ACCO
A CLEAN SLATE INC -OLD,00099X91,00099X919,63912,87,USA,DRWN.1
A-1 GROUP INC,03740J10,03740J107,185392,98,USA,AWON
A PLUS NETWORK INC,00203310,002033108,28782,93,USA,ACOM.
A PEA IN THE POD INC,00193610,001936103,28898,92,USA,APOD
A D A M INC,00088U10,00088U108,61523,88,USA,ADAM.1
A S V INC,00196310,001963107,30584,94,USA,ASVI
A21 GROUP INC,00218410,002184109,125582,101,USA,ATWOQ
AAM S&P EMRG MRKT HI DIV ETF,26922A58,26922A586,32766,108,USA,EEMD
AAM S&P DEVPD MRK HG DIV ETF,26922A34,26922A347,33419,107,USA,DMDV
AAM S&P 500 HIGH DIV VAL ETF,26922A59,26922A594,32765,106,USA,SPDV
AAMPRO GROUP INC,00253220,002532208,141023,111,USA,APGO
AAM LOW DUR PREF IN SEC ETF,26922A19,26922A198,35878,105,USA,PFLD
ABAKAN INC,00258J10,00258J107,178152,119,USA,ABKI
A I C INTL INC,00134810,001348101,1025,89,USA,4225B
ABERDEEN STNDRD PHS SLR -ETF,00326410,003264108,183303,137,USA,SIVR
ABERDEEN STANDRD BLMBRG -ETF,00326120,003261203,30766,134,USA,BCD
ABERDEEN STNDRD BLM ALL -ETF,00326110,003261104,30761,135,USA,BCI
ABERDEEN ST BL WTI CRUD -ETF,00326150,003261500,30763,133,USA,AOIL
ABERDEEN STNDRD PHS PLT -ETF,00326010,003260106,184097,136,USA,PPLT
ABC FAMILY WORLDWIDE INC,35138B93,35138B932,146314,128,USA,0179B
ABCO MARKETS INC,00288010,002880102,15433,130,USA,6020B
ABBY INC,00287T30,00287T308,12645,126,USA,ABBY
AAI FOSTERGRANT INC,00035P93,00035P939,128178,103,USA,9860B
A L D INC,00160410,001604107,1033,90,USA,3ALDK
ABAZIAS INC,00256K20,00256K205,64827,122,USA,3ABZA
ABPRO CORP -REDH,00085010,000850107,33464,156,USA,ABP
ABOVE TECHNOLOGIES INC,00373830,003738309,22553,153,USA,3ABVE
ABOVENET COMMUNICATIONS INC,00374310,003743101,116606,154,USA,ABOV
ABRAXAS ENERGY PARTNERS-REDH,00382710,003827102,179435,158,USA,ABE.1
ABSOLUTE ENTERTAINMENT INC,00386310,003863107,28199,162,USA,ABSO
ABS INDUSTRIES INC,00078110,000781104,1009,161,USA,ABSI
ABSOLUTE POTENTIAL INC,00388N10,00388N101,64483,163,USA,ABLP
ABF FREIGHT SYSTEM INC,00099Y00,00099Y008,15456,141,USA,6045A
ABEX INC,00338710,003387107,15277,140,USA,ABE.2
ACAMAR PARTNERS ACQUISITION,00428510,004285102,34615,176,USA,ACAM
ABERDEEN STNDRD PHY PRC -ETF,00326310,003263100,185775,139,USA,GLTR
ABERDEEN STNDRD PHY PAL -ETF,00326210,003262102,184098,138,USA,PALL
ACCELGRAPHICS INC,00430P10,00430P104,64603,184,USA,ACCL.
ACA JOE INC,00387030,003870300,1083,167,USA,3ACAJC
ACCELLENT INC,00499X93,00499X931,162928,185,USA,5298B
ACCELERATED PHARMA INC -REDH,00434Y10,00434Y101,29003,182,USA,ACCP
ACCENT OPTICAL TECH INC-REDH,00430N99,00430N992,264671,189,USA,AXNT
ACCESS POWER INC,00431N10,00431N108,66119,200,USA,ACCR
ACCESS HEALTHNET INC,00431530,004315305,25142,196,USA,3AHNT
ACCESS MIDSTREAM PARTNERS LP,00434L10,00434L109,184321,197,USA,ACMP
ACCESS CORP,00431210,004312104,1090,194,USA,1416B
ACCESS WORLDWIDE CMMNCTNS,00431910,004319109,66454,203,USA,AWWC
ACCLARENT INC -REDH,00499Z92,00499Z928,180230,207,USA,0505B
ACCPAC INTERNATIONAL -REDH,00435410,004354106,152009,212,USA,3ACPC.1
ACCORD NETWORKS LTD,M0169010,M01690102,137410,211,USA,ACCD.1
ACCUGRAPH CORP  -CL A,00438E30,00438E309,14056,217,USA,ACCUF
ACCOLADE INC -REDH,00499H93,00499H936,36263,209,USA,ACCD
ACELITY HOLDINGS INC -REDH,00499O93,00499O931,14555,228,USA,9566B
ACCUSHARES SPOT CBOE VIX UP,00439V77,00439V771,24001,224,USA,VXUP
ACCUSHARES SPOT CBOE VIX DWN,00439V76,00439V763,23998,223,USA,VXDN
ACCURO HEALTHCARE INC-REDH,00439N10,00439N100,179412,222,USA,ACCU.1
ACF INDUSTRIES HOLDING CORP,00099V00,00099V004,1010,232,USA,4165A
ACG HOLDINGS INC,02599Y94,02599Y942,128718,233,USA,9891B
ACM GVT OPPORTUNITY FD,00091810,000918102,15365,243,USA,AOF.1
ACM MANAGED DLR INCOME FD,00094910,000949107,29048,245,USA,ADF.1
ACM GVT SPECTRUM FUND,00091710,000917104,14778,244,USA,SI.2
ACME INTERMEDIATE HOLDING LLC,00470193,004701934,126895,253,USA,9827B
ACME TELEVISION LLC,00481293,004812939,148729,256,USA,0326B
ACM MANAGED MULTI-MKT TR INC,00092810,000928101,20207,247,USA,MMF.1
ACIES CORP,00450720,004507208,149939,238,USA,ACIE
ACM GOVT SECURITIES,00091410,000914101,14683,242,USA,GSF.1
ACQUA GROUP INC,00492640,004926408,23498,266,USA,3ACQGE
ACQUIRERS FUND ETF (THE),26922A26,26922A263,35214,267,USA,ZIG
ACS ENTERPRISES INC,00087230,000872309,1011,273,USA,ACSE
ACRO BIOMEDICAL CO LTD,00489210,004892105,27584,271,USA,ACBM
ACME-CLEVELAND CORP,00462610,004626107,1098,258,USA,AMT.1
ACTIVE HEALTH FOODS INC,00505130,005051305,187742,287,USA,AHFD
ACTION STAFFING INC,00491410,004914107,14052,286,USA,8236B
ACTION AUTO RENTAL,00491010,004910105,13778,284,USA,3AXXN
ACT II GLOBAL ACQ CORP,G0080J10,G0080J104,35053,276,USA,ACTT
ACUITY CIMATRIX INC,77107430,771074309,9191,302,USA,RVSIQ
ACTRADE FINL TECHNOLGIES LTD,00507P10,00507P102,22843,297,USA,ACRTQ
ACUITY IMAGING INC,00508110,005081104,1896,303,USA,ACUT
ADAMS RESPIRATORY THERAPTCS,00635P10,00635P107,163628,318,USA,ARXT
ADAMS OUTDOOR ADVERTSG  -LP,00634893,006348932,64771,316,USA,3185B
ADCO TECHNOLOGIES INC,00088510,000885103,31526,324,USA,ADCO.1
ADACORP INC,00531520,005315205,1116,309,USA,ADAI20
ADDSCO INDUSTRIES INC,00088710,000887109,1014,327,USA,3ADDS
ADELANTE SHS RE YIELD PLUS,75610250,756102505,178450,337,USA,ATY.3
ADELANTE SHS RE SHELTER ETF,75610260,756102604,178451,335,USA,AQS.1
ADELANTE SHS RE CLASSICS ETF,75610230,756102307,178446,333,USA,ACK.1
ADELANTE SHARES RE GRWTH ETF,75610210,756102109,178448,331,USA,AGV
ADELANTE SHARES RE KINGS ETF,75610240,756102406,178449,332,USA,AKB
ADELANTE SHS RE VALUE ETF,75610220,756102208,178452,336,USA,AVU.2
ADERIS PHARMACEUTICALS INC,00686M10,00686M102,146736,342,USA,ADPX.
ADFITECH INC,00687B10,00687B105,184541,347,USA,ADFT
ADEXA INC,00686P10,00686P105,140906,345,USA,ADXA
ADE CORP/MA,00089C10,00089C107,61427,330,USA,ADEX
ADFORCE INC,00686710,006867105,120313,349,USA,ADFC
ADELANTE SHS RE COMPOSITE,75610270,756102703,178447,334,USA,ACB.1
ADIENCE INC,00499Z93,00499Z936,21444,353,USA,6497B
ADOBE RESOURCES CORP,00724010,007240104,6934,364,USA,ADB.1
ADJUSTABLE RATE MBS TRUST,00703310,007033103,164118,357,USA,ADJ.Z
ADITX THERAPEUTICS INC -REDH,00799G93,00799G935,35958,356,USA,ADTX
ADS TACTICAL INC  -REDH,00101D10,00101D109,186452,368,USA,ADSI
ADIRONDACK TRUST CO,00701410,007014103,17222,355,USA,ADKT
ADV INHALATION THERAPYS-REDH,M0182P10,M0182P100,26095,378,USA,AITP
ADVACARE INC,00738B10,00738B104,24875,383,USA,AVCR
ADVANCE AMER CASH ADVANCE CT,00739W10,00739W107,161067,384,USA,AEA
ADVANCE CIRCUITS INC,00738310,007383102,1137,386,USA,ADVC.
ADVANCED BIOMEDICAL TECH INC,00752M10,00752M101,182960,395,USA,ABMT
ADVANCE STORES CO INC,00751K93,00751K932,147567,390,USA,0211B
ADVANCED BIOHEALING  -REDH,00752T10,00752T106,186609,394,USA,ABHB
ADVANCED INTERVENTIONAL SYS,00795410,007954100,24654,408,USA,LAIS
ADTEC INC,00738C10,00738C102,13087,373,USA,8705B
ADVANCED ACCESSORY HOLDINGS CP,00799Y93,00799Y936,145984,391,USA,0769B
ADVANCED OXYGEN TECHNOLOGY,00754B30,00754B301,1718,420,USA,AOXY
ADVANCED MONITORING SYS INC,00791010,007910102,1163,417,USA,3ADNME
ADVANCED PROMOTION TECH INC,00795210,007952104,24217,423,USA,APTV.1
ADVANCED PROTEOME THERAPETCS,00762820,007628209,26761,424,USA,APTCF
ADVANCED SURGICAL INC,00754R10,00754R108,28687,426,USA,ASUR.1
ADVANCED COMPUTER TECHNIQUES,00751810,007518103,1141,396,USA,AVCD
ADVANCED TOBACCO PRODUCTS,00755G10,00755G101,12591,431,USA,3AVTH.
ADVANCED VOICE RECOGNITION,00767C10,00767C106,177190,433,USA,AVOI
ADVANCED TELECOMMUNICATIONS,00792310,007923105,1171,429,USA,ATEL.1
ADVANSTAR COMMUNICATIONS INC,00799Q00,00799Q008,145976,437,USA,0078A
ADVANTAGE HEALTH CORP,00755P10,00755P101,24927,442,USA,ADHC.
ADVANTAGE PAYROLL SVCS -REDH,00763Q10,00763Q109,147850,443,USA,APAY
ADVANTA CORP  -CL B,00794220,007942204,12108,438,USA,ADVBQ
ADVANTAGE ADVISORS MULTI SEC,00763F10,00763F103,161045,439,USA,XAMSX
ADVENT/CLAYMORE ENCD GRWTH,00765E10,00765E104,162858,452,USA,LCM
ADVENT CLAYMORE CV SEC&IN II,00763910,007639107,177532,448,USA,AGC
ADVISORSHARES ACTIV BEAR ETF,00768Y88,00768Y883,186324,456,USA,HDGE
ADVERTISING.COM INC-REDH,00763D10,00763D108,266314,453,USA,ADCM
ADVANTAGE SOLUTION-REDH,61999C93,61999C934,31803,444,USA,ADV
ADVISORSHARES DENT TACT ETF,00768Y10,00768Y107,183557,457,USA,DENT
ADVISORSHARES DOUBLELI VA EQ,00768Y81,00768Y818,189758,458,USA,DBLV
ADVENT TECHNOLOGIES INC,00755B20,00755B201,13478,451,USA,AVTI.1
ADVISORSHARES FOLIOBEYOND SM,00768Y83,00768Y834,187482,460,USA,FWDB
ADVISORSHARES GLOBAL ECHO,00768Y77,00768Y776,7498,463,USA,GIVE
ADVISORSHARES FOCUSED EQUITY,00768Y56,00768Y560,28163,459,USA,CWS
ADVISORSHARES MEIDELL TC ADV,00768Y82,00768Y826,187528,468,USA,MATH
ADVISORSHARES MADRONA DOMSTC,00768Y85,00768Y859,187480,466,USA,FWDD
ADVISORSHARES GARTMAN GLD/BP,00768Y67,00768Y677,19783,461,USA,GGBP
ADVISORSHARES GARTMN GLD/YEN,00768Y68,00768Y685,19781,462,USA,GYEN
ADVISORSHARES NEWFLEET MULTI,00768Y72,00768Y727,17554,470,USA,MINC
ADVISORSHARES INTL GOLD ETF,00768Y69,00768Y693,19780,464,USA,GLDE
ADVISORSHARES MADRONA INTL,00768Y84,00768Y842,187481,467,USA,FWDI
ADVISORSHARES NT & MEDIA ETF,00768Y55,00768Y552,33329,471,USA,FNG
ADVISORSHARES MRGN CRK GBL,00768Y80,00768Y800,185787,469,USA,GTAA
ADVISORSHARES PURE CNBS ETF,00768Y49,00768Y495,35107,473,USA,YOLO
ADVISORSHARES PRING TURN BUS,00768Y73,00768Y735,16762,472,USA,DBIZ
ADVISORSHARES SAGE CORE RSRV,00768Y65,00768Y651,19542,475,USA,HOLD
ADVISORSHARES STAR GLB BYWRT,00768Y76,00768Y768,14507,476,USA,VEGA
ADVISORSHARES QAM EQUITY HDG,00768Y75,00768Y750,13655,474,USA,QEH
ADVISORSHR DRSY WRGT SHR ETF,00768Y52,00768Y529,33788,480,USA,DWSH
ADVISORSHRS MKT ADPTV UNCNST,00768Y63,00768Y636,21072,481,USA,MAUI
ADVNTAGE INSURANCE INC -REDH,00779P70,00779P707,32747,488,USA,AVI
ADVISORSHS CORNERSTONE SM CP,00768Y58,00768Y586,27659,484,USA,SCAP
AEARO TECHNOLOGIES INC -REDH,00199T93,00199T933,166357,491,USA,AER.4
ADVISORSHS GARTMAN GOLD/EURO,00768Y66,00768Y669,19782,485,USA,GEUR
AEARO CORP,00759510,007595101,146133,490,USA,0162B
ADVISORSHS ACCUVEST GLBL ETF,00768Y40,00768Y404,185216,482,USA,AGLS
ADVISORSHARES VICE ETF,00768Y54,00768Y545,32820,477,USA,ACT
ADVISORSHARES YIELDPRO ETF,00768Y64,00768Y644,19928,478,USA,YPRO
ADVISORSHR DRSY WGT MRCP ETF,00768Y53,00768Y537,33790,479,USA,DWMC
ADVISORSHS TR ATHENA HI DIV,00768Y62,00768Y628,21275,486,USA,DIVI
ADVISORSHS ATHENA INTL BEAR,00768Y71,00768Y719,18374,483,USA,HDGI
AEP TEXAS CENTRAL CO,02553700,025537002,2862,508,USA,AEP11
AEP GENERATING CO,00199Y00,00199Y007,14088,506,USA,AEP10
AERO SYSTEMS INC,00769810,007698103,1155,517,USA,AESM
AEP TEXAS NORTH CO,0010ER00,0010ER005,11380,509,USA,AEP14
AEGIS IDENTITY SOFTWR -REDH,00773Q10,00773Q107,27683,498,USA,AIDM
AETNA INDUSTRIES INC,00812193,008121931,117881,535,USA,9699B
AETERNA ZENTARIS INC,00797540,007975402,63562,532,USA,AEZS
AF OCEAN INVESTMENT MGMT CO,00107N10,00107N101,187436,538,USA,AFAN
AFFILIATED NEWSPAPERS INVST,00825R10,00825R103,62986,545,USA,9480B
AFFILIATED PUBNS,00826210,008262107,1181,546,USA,AFP.1
AFFINITY GROUP HOLDING INC,00899U00,00899U008,125294,552,USA,0077A
AFFINIA GROUP HOLDINGS INC-REDH,00999Z93,00999Z931,185162,547,USA,AFN
AFFILIATED BANKSHARES COLO,00818210,008182107,1178,541,USA,AFBK.
AFN INC,00105720,001057207,13581,561,USA,3AMFNE
AFG HOLDINGS INC -REDH,00832C10,00832C107,33599,559,USA,AFGL
AFFINIA GROUP INTRMDT HOLDINGS,00899T00,00899T001,163124,548,USA,0156A
AFFINITY INTL TRAVEL SYS,00826F10,00826F108,107816,553,USA,AFFT.1
AFFINITY WORLD LDRS EQTY ETF,90214Q10,90214Q105,32892,555,USA,WLDR
AGENT INFORMATION SOFTWR INC,00847D10,00847D108,1874,575,USA,AIFS
AGFIQ GLOBAL INFRA ETF,00110G60,00110G606,35239,582,USA,GLIF
AGFIQ US MARKET NEUTRAL SIZE,00110G30,00110G309,188756,585,USA,SIZ
AGES HEALTH SERVICES INC,00130710,001307107,29380,578,USA,AHSI
AGFIQ HEDGED DIV INCOME FUND,00110G88,00110G887,22874,583,USA,DIVA
AGFIQ US MARKET NEUTRAL ANTI,00110G40,00110G408,189466,584,USA,BTAL
AGFIQ DYNAMIC HDGD US EQ ETF,00110G50,00110G507,35238,581,USA,USHG
AFA PROTECTIVE SYSTEMS INC,00103810,001038108,1019,539,USA,AFAP
AGFIQ US MARKET NEUTRL VALUE,00110G20,00110G200,189464,586,USA,CHEP
AGJUNCTION INC,00847V10,00847V108,105950,594,USA,AJXGF
AGP & CO INC,00123020,001230200,21256,597,USA,3AGPC
AGRAQUEST INC,00849E10,00849E104,144808,598,USA,AGRQ
AGRI DYNAMICS INC,00849520,008495202,1190,600,USA,AGDY
AGRIPOST INC,00854310,008543100,21123,604,USA,AGPT
AGRIDYNE TECHNOLOGIES INC,00853T10,00853T104,24928,603,USA,AGRI.
AI POWERED EQUITY ETF,26924G81,26924G813,32576,616,USA,AIEQ
AI DOCUMENT SERVICES INC,00136N10,00136N106,181520,615,USA,AIDC
AILEEN INC,00887810,008878100,1197,619,USA,AEENQ
AI POWERED INTRNTNL EQTY ETF,26922A46,26922A461,33622,617,USA,AIIQ
AGFIQ US MKT NEUTRAL MOMENTM,00110G10,00110G101,188755,587,USA,MOM
AIFS INC,00136693,001366939,12147,618,USA,6805C
AGWAY INC,00866210,008662108,1193,609,USA,1900B
AIM TELEPHONES INC,00142310,001423102,1028,625,USA,7547B
AIRBORNE WIRELESS NETWORK,00928L30,00928L300,21283,641,USA,ABWN
AIRCOA HOTEL PARTNRS  -LP-A,00929310,009293101,13589,643,USA,AHT.1
AIR PACKAGING TECHNOLOGY INC,00891320,008913204,26592,634,USA,AIRP
AIMSI TECHNOLOGIES INC,00142610,001426105,146413,627,USA,AIMT.1
AIR L A INC,00912520,009125204,22846,631,USA,3AILA
AHI HEALTHCARE SYSTEMS INC,00129010,001290105,61363,610,USA,AHIS
AIRGUIDE INC,00936W10,00936W108,2540,647,USA,3AGDC
AINA LE'A INC -REDH,00901P10,00901P104,13186,628,USA,AIZY
AIRSHARES EU CARBON ALLOWANCES FD,00950G10,00950G104,182079,652,USA,ASO
AIRONET WIRELESS COMM,00943A10,00943A107,122156,651,USA,AIRO.
AIRXCEL INC,00999U00,00999U007,145974,661,USA,0076A
AKELA PHARMA INC,00972X20,00972X200,20877,669,USA,AKLPF
AKI HOLDING CORP,00154N00,00154N004,128399,673,USA,0068A
AJL PEPS TRUST  -ADR,00971010,009710104,61549,663,USA,AJP
ALAMO ENERGY CORP,01129510,011295102,184044,685,USA,ALME
ALACER GOLD CORP,01067910,010679108,156214,682,USA,ALIAF
ALADDIN GAMING HOLDINGS LLC,01071493,010714939,114917,683,USA,9937B
ALABAMA GAS CORP,01028400,010284008,1224,679,USA,EGN1
AKRION INC-REDH,00972Y10,00972Y109,162012,676,USA,AKRI
ALANTEC CORP,01163010,011630100,29686,690,USA,ALTC
ALASKA AIRLINES INC,01166200,011662004,28897,696,USA,ALK1
ALASKA POWER & TELEPHONE CO,01176420,011764206,29839,701,USA,APTL
ALASKA PACIFIC BANCSHARS INC,01175710,011757101,121853,700,USA,3AKPB
ALBANY MOLECULAR RESH INC,01242310,012423109,118081,704,USA,AMRI
ALASKA NORTHWEST PROPERTIES,01175020,011750205,1233,699,USA,3ANWP
ALAS INTL HOLDINGS INC-OLD,01199E93,01199E934,113667,694,USA,VDSC.1
ALC COMMUNICATIONS INC,00157530,001575307,1311,714,USA,ALC.2
ALCOA INTERNATIONAL HOLDINGS,01381900,013819008,14963,720,USA,AA1
ALDAGEN INC -REDH,01408L10,01408L109,180042,723,USA,ALDH
ALCON INC- OLD,H0130110,H01301102,147449,722,USA,ACL.2
ALDEN PRESS CO,01429210,014292106,25664,725,USA,ALDN.
ALDEN ELECTRONICS INC,01408610,014086102,1250,724,USA,ADNE
ALBINA COMMUNITY BANCORP,01328810,013288105,65005,711,USA,ACBCQ
ALBEMARLE FIRST BANK,01268410,012684106,124735,707,USA,AFBK
ALBERTSONS COS INC  -REDH,01309110,013091103,25645,709,USA,ABS
ALEXZA PHARMACTCLS INC,01538420,015384209,166414,744,USA,ALXA
ALERIS CORP,01447510,014475107,13712,734,USA,6685B
ALIBRIS INC-REDH,01609T10,01609T109,264267,750,USA,ALBR
ALERT CENTRE INC,01446T10,01446T106,29498,735,USA,ALT.3
ALGOREX CORP,01586710,015867104,1264,747,USA,3ALGD
ALDUS CORP,01443210,014432108,13420,731,USA,ALDC
ALIEN TECHNOLOGY CORP -REDH,01625U10,01625U106,174309,752,USA,RFID.
ALIGHT INC - REDH,01626N10,01626N101,34961,753,USA,ALIT
ALIMCO FINANCIAL CORP,01626K20,01626K206,29323,756,USA,ALMC
ALION SCIENCE AND TECHNOLOGY,01627510,016275109,162796,758,USA,0712B
ALFORD REFRIGERATED WHSES,01542P10,01542P107,123134,746,USA,ALFO
ALL STAR GAS CORP,01693X93,01693X933,12061,769,USA,6033C
ALL MARKETING SOLUTIONS INC,01663C10,01663C109,15492,768,USA,PTPF
ALL AMERN FOOD GROUP INC,01643530,016435307,64133,767,USA,AAFGQ
ALL STATE PROPERTIES HOLDINGS,01666320,016663205,1272,770,USA,ATPT
ALKAME HOLDINGS INC,01643J10,01643J109,18397,761,USA,ALKM
ALLEGHENY ENERGY SUPPLY CO LLC,01736300,017363003,156416,782,USA,AYE5
ALLEGHENY & WESTERN ENERGY,01722710,017227109,11702,779,USA,ALGH
ALLECO INC,01678393,016783938,1277,777,USA,5566C
ALLEGHENY GENERATING CO,01736400,017364001,14436,783,USA,AYE4
ALLBRITTON COMMUNICATIONS CO,01699W00,01699W004,114612,774,USA,0069A
ALLDIGITAL HOLDINGS INC,01677T10,01677T106,187764,776,USA,ADGL
ALLEGIANCE BANCORP INC,01747F10,01747F102,19061,787,USA,ALLG.
ALLEGHENY VALLEY BANCORP INC,01742710,017427105,28267,786,USA,AVLY
ALLEN ORGAN CO  -CL B,01775310,017753104,1283,797,USA,AORGB
ALLEGRO MICROSYSTEMS-REDH,01748910,017489105,179434,796,USA,ALGM
ALLIANCE BANCORP OF PA,01890A10,01890A108,31576,811,USA,ALLB
ALLERCARE INC,01848810,018488106,20069,800,USA,ALLR.2
ALLERION INC,01849X10,01849X100,10826,805,USA,3AERI
ALLIANCE MEDICAL CORP,01899X93,01899X935,145081,825,USA,ALMC.1
ALLIANCE HOLDINGS GP LP,01861G10,01861G100,166363,822,USA,AHGP
ALLIANCE ALL-MKT ADVANTGE FD,01852M10,01852M108,30876,808,USA,AMO.2
ALLFIRST FINANCIAL INC,01853C00,01853C000,4715,807,USA,AIB1
ALLIANCE LAUNDRY SYSTEMS LLC,01899Z00,01899Z005,145973,823,USA,0070A
ALLIANCE DATA SYS -PRO FORMA,01899Q93,01899Q930,22441,815,USA,ADS.P
ALLERGAN LIGAND RETND THERAP,01849P10,01849P107,61952,802,USA,ALRI
ALLIANT COMPUTER SYSTEMS CP,01880010,018800102,12872,838,USA,3ALCS
ALLIANCEBERNSTEIN LP,01899V93,01899V939,16051,836,USA,8622B
ALLIANCE NEW EUROPE FUND INC,01871310,018713107,21157,827,USA,ANE.2
ALLIANCE WORLD DLR GOVT FD,01879610,018796102,25897,832,USA,AWG
ALLIANCE NORTHWEST INDUSTRIES INC,01871610,018716100,1286,829,USA,3ALNI
ALLIED BANK CAPITAL INC,01887110,018871103,25513,850,USA,ABCI.2
ALLIED AMERICAN STEEL CORP,01884710,018847103,181870,849,USA,AAST
ALLIED CAPITAL COML CORP,01902910,019029107,25448,853,USA,ALCC.1
ALLIED CLINICAL LABS,01907610,019076108,22850,858,USA,ACLB
ALLICO CORPORATION,01883610,018836106,8083,848,USA,3ALCP
ALLMERICA PPTY &CASUALTY COS,01975T10,01975T105,14826,878,USA,APY.1
ALLOU HEALTHCARE INC,01978210,019782101,15848,882,USA,ALUHQ
ALLIED STORES,01951900,019519008,1301,871,USA,9174A
ALLTEL NEW YORK INC,01999X00,01999X009,1335,894,USA,AT4
ALLOY COMPUTER PRODUCTS INC,01984710,019847102,12359,883,USA,AYCP
ALLSCRIPTS HLTHCR SOLTNS-OLD,01999Y93,01999Y932,122255,886,USA,MDRX.
ALLTEL PENNSYLVANIA INC,01999Y00,01999Y007,1336,895,USA,AT2
ALLSTATE LIFE INSURANCE CO,02099B00,02099B004,263562,890,USA,0184A
ALON BRANDS INC-REDH,02099U93,02099U937,181784,902,USA,ABO
ALLTEL FLORIDA INC,02099Y00,02099Y004,12315,892,USA,AT6
ALMACS SUPERMARKETS INC,02199X93,02199X930,28901,898,USA,8391B
ALLTEL ILLINOIS INC,02099Z00,02099Z001,1337,893,USA,AT1
ALON USA PARTNERS LP,02052T10,02052T109,15235,904,USA,ALDW
ALPHA ARCHI INTL QNT MTM ETF,02072L30,02072L300,26716,907,USA,IMOM
ALLSTATE LIFE INSUR CO/NY,02099X00,02099X006,63735,889,USA,9626A
ALPHA ARCHIT US QNT VAL ETF,02072L10,02072L102,22023,910,USA,QVAL
ALPHA ARCHI INTL QNT VAL ETF,02072L20,02072L201,22488,908,USA,IVAL
ALPHA ARCHIT US QNT MTM ETF,02072L40,02072L409,26577,909,USA,QMOM
ALPHA NETWORK ALLIANCE VNTRS,02077H10,02077H106,17392,917,USA,ANAV
ALPHAMARK ACTIVELY MGD SM CP,26922A83,26922A834,23663,925,USA,SMCP
ALPHA ENERGY INC,02073X10,02073X105,27594,914,USA,APHE
ALPINE MEADOWS TAHOE INC,02083910,020839106,19960,935,USA,PDRR
ALPHA ARCHITECT VLU MMNT,02072L50,02072L508,31197,911,USA,VMOT
ALPHACLONE ALTERNATIVE ALPHA,26922A30,26922A305,10470,922,USA,ALFA
ALPS ALERIAN MLP ETF,00162Q45,00162Q452,185447,938,USA,AMLP
ALPHACLONE INTERNATIONAL ETF,26922A81,26922A818,26489,923,USA,ALFI
ALPS CLEAN ENERGY ETF,00162Q46,00162Q460,33748,940,USA,ACES
ALPS BARRON'S 400 ETF,00162Q72,00162Q726,18097,939,USA,BFOR
ALPHASMART INC,02081F10,02081F104,156619,928,USA,ALSM
ALPS ALERIAN ENERGY INFRASTR,00162Q67,00162Q676,19060,937,USA,ENFR
ALPS DISRUPTIVE TECHNLG ETF,00162Q47,00162Q478,32890,941,USA,DTEC
ALPHA ARCTH 100 EMG MKTS ETF,02072L60,02072L607,35240,912,USA,FRDM
ALPS EMERG SECTOR DIV DOGS,00162Q66,00162Q668,20098,942,USA,EDOG
ALPS ETF VLCTYSHRS RUS SELCT,00162Q83,00162Q833,17683,947,USA,RUDR
ALPS ETF VLCTYSHRS EMG ASIA,00162Q82,00162Q825,17681,945,USA,ASDR
ALPS EQUAL SECTOR WEIGHT ETF,00162Q20,00162Q205,183222,944,USA,EQL
ALPS MEDICAL BREAKTHROUGHS,00162Q59,00162Q593,22696,951,USA,SBIO
ALPS GLOBAL CMDTY EQUITY ETF,00162Q30,00162Q304,183592,948,USA,CRBQ
ALPS ETF VLCTYSHRS EMG MKTS,00162Q84,00162Q841,17682,946,USA,EMDR
ALPS REIT DIVIDEND DOGS ETF,00162Q10,00162Q106,180032,952,USA,RDOG
ALPS ENH PUT WRITE STGY ETF,00162Q55,00162Q551,25050,943,USA,PUTX
ALPS INTL SECTOR DIV DOGS,00162Q71,00162Q718,18252,949,USA,IDOG
ALPS SECTOR LEADERS ETF,00162Q57,00162Q577,24956,955,USA,SLDR
ALPS SECTOR DIVIDEND DOGS,00162Q85,00162Q858,12033,954,USA,SDOG
ALPS RIVERFRONT STRAT INC FD,00162Q78,00162Q783,18886,953,USA,RIGS
ALPS JEFF TR/J WILDCATTERS,00162Q80,00162Q809,184164,950,USA,WCAT
ALPS STOXX EUROPE 600 ETF,00162Q63,00162Q635,22078,957,USA,STXX
ALPS/DORSEY WRGHT SCTR MMNTM,00162Q48,00162Q486,29770,962,USA,SWIN
ALPS/GS MB MULTI-ASST INDX,00162Q76,00162Q767,16770,965,USA,GSMA
ALPS SECTOR LOW VOLTY ETF,00162Q56,00162Q569,24952,956,USA,SLOW
ALPS TR/J CRB GLOBAL AGRICULTR,00162Q40,00162Q403,183751,958,USA,CRBA
ALPS TR/J CRB GLOBAL IND METALS,00162Q60,00162Q601,183752,959,USA,CRBI
ALPS/GS MB GROWTH MKT EQ &T,00162Q77,00162Q775,16768,964,USA,GSGO
ALPS WORKPLACE EQUALITY PRTF,00162Q65,00162Q650,19866,961,USA,EQLT
ALPS U S EQUITY HI VLTY PUT,00162Q73,00162Q734,17437,960,USA,HVPW
ALPS/GS MB ASIA X-JP EQ & TR,00162Q75,00162Q759,16772,963,USA,GSAX
ALR TECHNOLOGIES INC,00163010,001630102,116903,967,USA,ALRT
ALPS/GS RSK-ADJ RET US LG CP,00162Q74,00162Q742,16773,966,USA,GSRA
ALTA ENERGY CORP,02127030,021270301,20063,971,USA,ALE.2
ALTA HEALTH STRATEGIES INC,02127410,021274105,23589,973,USA,AHSI.
ALTAI INC,02136210,021362108,12489,976,USA,ALTI.
ALTEROLA BIOTECH INC,02152V10,02152V103,182621,986,USA,ABTI
ALTERNATIVE DISTRIBUTORS CP,02145G10,02145G106,9784,982,USA,3ADTBE
ALTHEADX INC -REDH,02147710,021477104,22664,991,USA,IDGX
ALTERNATIVE INVESTMENT CORP,02155W20,02155W207,180194,983,USA,AIKO
ALTEON WEBSYSTEMS INC,02145A10,02145A109,124174,979,USA,ATON.
ALZHEON INC -REDH,00168L10,00168L101,33296,1009,USA,ALZH
AMALGAMATED BK NEW YORK N Y,02266310,022663108,33625,1014,USA,AMAL
AM GENERAL CORP,00170293,001702935,63547,1011,USA,9478B
ALY ENERGY SERVICES INC,02260T30,02260T305,17962,1005,USA,ALYE
AMALGAMATED AUTOMOTIVE INDS,02265910,022659106,1361,1013,USA,7564B
AMBASSADORS INTERNATIONL INC,02317820,023178205,61121,1035,USA,AMIEQ
AMBER RESOURCES CO OF COLO,02318420,023184203,1367,1036,USA,3AMBEQ
AMAX INC,02312710,023127103,1365,1022,USA,AMX.2
AMBULATORY MEDICAL CARE INC,02336510,023365109,1370,1043,USA,AMED.
AMBIENT WATER CORP,02319A10,02319A109,12988,1040,USA,AWGI
AMBERS STORES INC,02318710,023187107,25673,1038,USA,ABRS
AMDOCS AUTOMATIC COM EXCH,02342R20,02342R202,121133,1058,USA,AAE.3
AMER AMMO,02399X10,02399X102,143849,1068,USA,0238B
AMER 1ST FINL FD 1987 LTD PT,02391310,023913106,16644,1066,USA,3AFFFZ
AMER BLDRS & CNTRCTR SUPPLY,02474793,024747933,145972,1070,USA,0144B
AMDOCS,G0260210,G02602103,111880,1057,USA,DOX
AMEDORE HOMES INC,02343A10,02343A109,141279,1062,USA,AHS.2
AMER FINANCL ENTERPRISES INC,02608910,026089102,19961,1074,USA,AFE.1
AMER HEALTHCARE MGMT,02649620,026496208,1472,1075,USA,AHI.2
AMER INSD MTG SER 85  -LP,02686E10,02686E106,18788,1076,USA,AII.3
AMER MEDICAL ELECTRONICS INC,02742510,027425107,12447,1081,USA,AMEI.
AMER INSURED MTG INVS  -LP,02686210,026862102,12070,1079,USA,AIA.2
AMER RESOURCES & DEVLPMNT CO,02891210,028912103,21695,1083,USA,ADCO
AMER INSD MTG SER 88  -LP,02686G10,02686G101,61114,1078,USA,AIK
AMER TRANSPRT TV NETWORK INC,03028R10,03028R102,15139,1085,USA,3ATTNF
AMER STRATEGIC INCM PTFL II,03009910,030099105,25597,1084,USA,BSP
AMER INSD MTG SER 86  -LP,02686F10,02686F103,61113,1077,USA,AIJ
AMERECO,02360N10,02360N109,8110,1089,USA,AMEO
AMBRX INC-REDH,02337M10,02337M101,20493,1042,USA,AMBX
AMERICA FIRST APT INVESTORS,02363X10,02363X104,16642,1097,USA,APRO.
AMERIBANC INVESTORS GROUP,02362210,023622103,16638,1096,USA,AINVS
AMERICA FIRST REIT PRTNER LP,02364Y10,02364Y101,142023,1100,USA,AFREZ
AMERICA FIRST REIT INC,02364E10,02364E105,28274,1099,USA,AFR.1
AMERICA GREAT HEALTH,02365T10,02365T101,19317,1102,USA,AAGH
AMERICA ONLNE LTN AMR  -CL A,02365B10,02365B100,138481,1103,USA,AOLAQ
AMERICAN ADJ RATE TRM TR INC,02368Q10,02368Q104,25725,1108,USA,EDJ
AMERICAN ARCHITECTURAL PROD,02399X93,02399X938,110063,1114,USA,0356B
AMERICAN ASSET MGMT CORP,02401030,024010308,23971,1116,USA,AAMC.
AMERICAN AIRCRAFT CORP,02376230,023762305,13768,1109,USA,3AARC
AMERICA FST PART PFD EQUITY,02364110,023641103,16640,1101,USA,AFPFZ
AMERENENERGY GENERATING CO,02360800,023608003,154353,1092,USA,AEE2
AMERICAN ACHIEVEMENT CORP,02399Y00,02399Y001,156862,1107,USA,0072A
AMERICAN ATLAS RESOURCES CP,02402810,024028102,11369,1118,USA,6259B
AMERICAN BANK CT WATERBURY,02432710,024327108,14195,1124,USA,BKC.1
AMERICAN BIODYNE INC,02461P10,02461P102,24290,1130,USA,ABDN
AMERICAN BK NT HOLOGRAPHICS,02437710,024377103,112401,1132,USA,3ABHH
AMERICAN CAPITAL HOLDINGS,02501210,025012105,10934,1138,USA,3AICH.
AMERICAN BUSINESS PRODS/GA,02476310,024763104,1411,1135,USA,ABP.2
AMERICAN BUSINESS BANK/CA,02475L10,02475L105,121073,1134,USA,AMBZ
AMERICAN BANCORP NJ INC,02407E10,02407E104,155073,1120,USA,ABNJ
AMERICAN CELLULAR CORP,02599V00,02599V005,156863,1142,USA,0073A
AMERICAN CENTRY DIV CORP ETF,02507210,025072109,32943,1144,USA,KORP
AMERICAN BANCORP/NV,02407310,024073108,20208,1121,USA,ABCN
AMERICAN CENT DIV MUN BD ETF,02507250,025072505,34120,1143,USA,TAXF
AMERICAN COIN MERCHNDSNG INC,02516B10,02516B108,61421,1148,USA,AMCN.1
AMERICAN COML LINES LLC,02519893,025198938,147568,1149,USA,0212B
AMERICAN CMNTY BANCSHARES,02520W10,02520W106,119813,1147,USA,ACBA
AMERICAN CAPITAL SR FLTG LTD,02504D10,02504D108,19545,1140,USA,ACSF
AMERICAN CONSOLIDATED GROWTH,02522720,025227208,12779,1156,USA,AMGC.
AMERICAN CRYOSTEM CORP,02530010,025300104,187449,1159,USA,CRYO
AMERICAN COMPLEX CARE INC,02520730,025207309,18791,1155,USA,3ACPXE
AMERICAN CRYSTAL SUGAR CO,02530310,025303108,1429,1160,USA,2388B
AMERICAN CUSTOMER SATISF ETF,26922A77,26922A776,28818,1161,USA,ACSI
AMERICAN EAGLE GROUP INC,69504220,695042200,30183,1169,USA,PACVD
AMERICAN CYTOGENETICS,02532810,025328105,1431,1163,USA,3ACYGE
AMERICAN ELECTR COMPONENTS,02556210,025562109,30334,1173,USA,AECI
AMERICAN EAGLE RESOURCES INC,02553L10,02553L100,1265,1170,USA,AEIR
AMERICAN CONSOLIDATED LABS,86272010,862720109,14248,1157,USA,STBV
AMERICAN COMMUN & TV,02520120,025201203,1422,1152,USA,3ASTV.
AMERICAN ENERGY GROUP LTD,02563620,025636200,17922,1177,USA,AEGG
AMERICAN ENERGY DEV CORP,02563A10,02563A102,187316,1176,USA,AEDC
AMERICAN FAMILY FINL SVCS,02587400,025874009,1450,1182,USA,2551A
AMERICAN FAMILY INS GROUP,02599X93,02599X936,122954,1183,USA,9769B
AMERICAN EXPRESS CREDIT CORP,02581800,025818006,1448,1181,USA,AXP1
AMERICAN FUEL CORP,02629R10,02629R107,31569,1195,USA,COAL
AMERICAN FRUCTOSE  -CL A,02629620,026296202,1462,1193,USA,AFC.A
AMERICAN FSB GREENVILLE SC,02589310,025893108,17361,1194,USA,AMFB
AMERICAN FUNERAL SVCS CORP,02630210,026302109,25233,1196,USA,AMFS
AMERICAN GVT INCOME PORTFOL,02591910,025919101,15369,1202,USA,AAF.
AMERICAN GVT INCOME FD,02591710,025917105,15141,1201,USA,AGF.1
AMERICAN GVT TERM TR,02592010,025920109,15370,1203,USA,9495B
AMERICAN HERITAGE INTL INC,02650U20,02650U201,16505,1207,USA,AHII
AMERICAN HOME SHIELD,02663200,026632000,1479,1210,USA,SVM1
AMERICAN HERITAGE LIFE INVS,02652210,026522102,1474,1208,USA,AHL.2
AMERICAN INCOME HOLDING INC,02672810,026728105,25001,1215,USA,AIH.1
AMERICAN INTERNATIONAL INDS,02686Y30,02686Y300,66149,1220,USA,AMIN
AMERICAN LEISURE HOLDINGS -OLD,02799E93,02799E936,147087,1227,USA,AMLH.1
AMERICAN LIBERTY PETRO -OLD,02799A93,02799A934,182531,1228,USA,OREO.1
AMERICAN HOSPITAL MGMT CORP,02667310,026673103,1480,1214,USA,1480B
AMERICAN INTL VENTURES INC,02687C10,02687C109,170974,1222,USA,AIVN
AMERICAN LAWYER MEDIA INC,02799V00,02799V003,145982,1224,USA,0075A
AMERICAN INDTY FINL CORP,02675910,026759100,16647,1218,USA,AIFC
AMERICAN MEDCARE CORP,02741410,027414101,1504,1236,USA,3HLDFV
AMERICAN MIDSTREAM PRT -OLD,02799D93,02799D938,186845,1246,USA,AMID.1
AMERICAN MEDICAL RESPONSE,02744610,027446103,25611,1241,USA,EMT.1
AMERICAN MEDICAL SYSTMS HLDS,02744M10,02744M108,138741,1243,USA,AMMD
AMERICAN MEDIA INC  -CL A,02744L10,02744L100,24317,1237,USA,ENQ.1
AMERICAN MIDSTREAM PTNRS LP,02752P10,02752P100,33700,1247,USA,AMID
AMERICAN MED LABRTRS  -REDH,02744W10,02744W106,146191,1235,USA,AMJ.1
AMERICAN MOBILE SYS,02755950,027559509,1513,1249,USA,AMSE.
AMERICAN MORTGAGE & INVT CO,02756420,027564202,1515,1251,USA,2265B
AMERICAN MILLENIUM CORP,02753010,027530104,4359,1248,USA,AMCI.1
AMERICAN MEDIA OPERATIONS,02799Z00,02799Z004,259837,1238,USA,0074A
AMERICAN MATLS & TECH CORP,02739710,027397108,63187,1234,USA,AMTK.
AMERICAN MAIZE-PRODS  -CL A,02733920,027339209,1498,1232,USA,AZE.A
AMERICAN MUN INCOME PTFL INC,02764910,027649102,28457,1253,USA,XAA
AMERICAN MUN TERM TR INC,02765210,027652106,23765,1254,USA,AXT.1
AMERICAN NETWORK GROUP INC,02861630,028616308,15177,1263,USA,3AMNT.
AMERICAN LITHIUM MINERALS,02726310,027263102,176137,1230,USA,AMLM
AMERICAN NATL CAN GROUP INC,02771410,027714104,122354,1261,USA,CAN.3
AMERICAN NUCLEAR CORP,02866310,028663102,1530,1264,USA,3ANUCE
AMERICAN OIL & GAS,02871110,028711109,1532,1266,USA,AOG.2
AMERICAN NURSERY PRODS INC,02868910,028689107,12750,1265,USA,3ANSY
AMERICAN PACIFIC BANK  -CL B,02837P30,02837P307,21166,1269,USA,AMPB
AMERICAN PLASTICS & CHEM,02904310,029043106,14625,1276,USA,APLC
AMERICAN PHARMACEUTICAL CO,02886610,028866101,28747,1273,USA,3APHRE
AMERICAN PHYSICIANS SVC GP,02888210,028882108,1539,1275,USA,AMPH.1
AMERICAN REALTY CAP HLTHCR,02917R10,02917R108,20136,1285,USA,HCT
AMERICAN RESIDENTIAL PPTYS,02927E30,02927E303,12006,1293,USA,ARPI
AMERICAN RESOURCE CORP INC,02926820,029268208,25093,1294,USA,AREE.
AMERICAN RESIDENTIAL HOLDING CP,02926R10,02926R107,25657,1292,USA,AMRS.
AMERICAN RIVIERA BANK,02932A10,02932A106,175449,1302,USA,ARBV
AMERICAN SAVINGS BANK-NY,02940410,029404100,14488,1305,USA,7565B
AMERICAN SANDS ENERGY CORP,02936R10,02936R105,187489,1304,USA,AMSE
AMERICAN RESTAURANT GROUP,02930910,029309101,28511,1296,USA,8297B
AMERICAN SEAFOODS CORP-REDH,02944620,029446200,154253,1307,USA,SEA.1
AMERICAN PRECISION INDS,02906910,029069101,1542,1280,USA,APR.
AMERICAN RE CORP,02916310,029163102,27758,1284,USA,ARN.3
AMERICAN STEEL & WIRE CORP,03004110,030041107,14887,1322,USA,RODS
AMERICAN RECREATION CO HOLDINGS,02890710,028907103,29440,1289,USA,AMRE.1
AMERICAN STANDARD ENERGY CP,02971T10,02971T107,185695,1318,USA,ASENQ
AMERICAN RESTAURANT PRTNS-LP,02931620,029316205,14267,1297,USA,ICTPU
AMERICAN SHIP BUILDING CO,02960910,029609104,1560,1311,USA,3ASBG
AMERICAN SPORTS ADVIS,02990120,029901204,1569,1316,USA,3PIKS
AMERICAN SPORTS DEV GROUP,02971R10,02971R101,127641,1317,USA,ASDP
AMERICAN STUDIOS INC,03010210,030102107,25732,1324,USA,AMST.
AMERICAN SVGS/FL FSB,02941H30,02941H308,1553,1327,USA,ASFL
AMERICAN SW FINL CORP,02970710,029707106,12601,1328,USA,4299B
AMERICAN TIRE DISTRBTR HOLDINGS,03099S00,03099S005,145472,1333,USA,0079A
AMERICAN URANIUM MINING INC,03036510,030365100,30883,1338,USA,AUMN.1
AMERICAN WHITE CROSS INC,03049310,030493100,25932,1347,USA,3AWCIQ
AMERICANN INC,03058810,030588107,18685,1353,USA,ACAN
AMERICANA DISTRIBUTION INC,03055610,030556104,123796,1350,USA,ADBN
AMERICANA GLD&DIAMOND HOLDINGS,60272810,602728107,29603,1351,USA,MCIO
AMERICATOWNE HOLDINGS INC,03065P10,03065P100,116324,1361,USA,ATMO
AMERICAS POWER PARTNERS INC,03061A10,03061A107,128538,1359,USA,APPN.1
AMERICO LIFE INC,03060N93,03060N936,145971,1363,USA,0143B
AMERICHOICE CORP  -REDH,03062M20,03062M209,147851,1362,USA,AMCH
AMERICOLD CORP,03060T10,03060T107,20786,1364,USA,3AMIC
AMERICAN TV & COMMUN  -CL A,03018710,030187108,12793,1337,USA,ATCMA
AMERICARE HEALTH SCAN INC,03060C10,03060C104,22773,1355,USA,AMIT
AMERICAN TISSUE INC,03022293,030222939,145980,1334,USA,0150B
AMERICAN WIRELESS SYS INC,03050520,030505200,17109,1348,USA,3AWST
AMERIHEALTH INC/DE,03091210,030912109,1597,1373,USA,AHH.
AMERIFED FINANCIAL CORP,03070A10,03070A106,24534,1370,USA,AFFC
AMERIPAGE INC,03070U10,03070U102,21705,1378,USA,AMPG.
AMERISOURCE CORP,03071N00,03071N008,1245,1388,USA,ABC1
AMERISTEEL CORP,03071V10,03071V109,4803,1392,USA,3406B
AMERISCRIBE CORP,03094810,030948103,13216,1386,USA,ACR.2
AMERISTOCK/RYAN 1 YEAR TREAS,03077A10,03077A109,177816,1393,USA,GKA
AMERISTOCK/RYAN 10 YEAR TREA,03077A40,03077A406,177819,1394,USA,GKD
AMERISTOCK/RYAN 2 YEAR TREAS,03077A20,03077A208,177820,1395,USA,GKB
AMERISTOCK/RYAN 5 YEAR TREAS,03077A30,03077A307,177818,1397,USA,GKC
AMERISTOCK/RYAN 20 YEAR TREA,03077A50,03077A505,177817,1396,USA,GKE
AMERICUS MANAGEMENT CORP,03068710,030687107,7427,1368,USA,3ANGR
AMERIDATA TECHNOLOGIES INC,03069V10,03069V103,24639,1369,USA,ADA..
AMERIKING INC,03071G10,03071G102,105370,1374,USA,3AKGI
AMERINAC HOLDING CORP,03077Y10,03077Y107,106574,1377,USA,PAOS
AMERIRESOURCE TECHNLGIES INC,03072A50,03072A500,24451,1383,USA,ARIOQ
AMERN ADJ RT TRM TR INC 1995,02368L10,02368L105,21129,1404,USA,ADJ.1
AMERN NATL SVGS BK FSB/MD,02860K10,02860K100,29110,1411,USA,ANBK.
AMERN GRAPHITE TECHNOLOGIES,02640K10,02640K107,190573,1410,USA,AGIN
AMERN PETROLEUM TNK PRT-REDH,02899T93,02899T932,19041,1413,USA,JAT
AMERN ARCHITECTURAL PDS CORP,02385710,023857105,21332,1408,USA,3AAPCE
AMERN NORTEL COMMUNICATIONS,02864L10,02864L104,25287,1412,USA,3ARTME
AMERN SAFETY CLOSURE,02935140,029351400,12829,1414,USA,CLOS
AMERN STRATEGIC INCM PTF INC,03009810,030098107,24805,1415,USA,ASP
AMERN ADJ RT TRM TR INC 1997,02368N10,02368N101,24305,1406,USA,CDJ
AMERITEK VENTURES,03078H10,03078H103,16524,1399,USA,ATVK
AMES DEPT STORES INC,03078950,030789507,1594,1419,USA,AMESQ
AMERN ADJ RT TRM TR INC 1998,02368P10,02368P106,24864,1407,USA,DDJ
AMERN STRATEGIC INCM PTL III,03009T10,03009T101,27947,1416,USA,CSP
AMFED FINANCIAL INC,03114410,031144108,25947,1425,USA,AMFF
AMERN ADJ RT TRM TR INC 1996,02368M10,02368M103,23124,1405,USA,BDJ.2
AMISYS MANAGED CARE SYS INC,03153610,031536105,61751,1432,USA,AMCS.
AMITY BANCSHARES INC,03157H10,03157H107,24811,1433,USA,AMBS.
AMOSKEAG CO,03182510,031825102,13231,1445,USA,AMOS
AMPLIFY HIGH INCOME ETF,03210884,032108847,11735,1459,USA,YYY
AMPLIFY BLCKSWN GTH & TC ETF,03210888,032108888,35584,1455,USA,SWAN
AMPLIFY ADVANCED BATTERY MET,03210880,032108805,33620,1454,USA,BATT
AMPLIFY CWP ENHANCED DV INCM,03210840,032108409,29510,1456,USA,DIVO
AMPLIFY EASI TACTICL GRO ETF,03210870,032108706,33663,1457,USA,EASI
AMPLIFY INTL ONLINE RETL ETF,03210887,032108870,34737,1460,USA,XBUY
AMMO INC -OLD,00199K93,00199K932,65472,1438,USA,POWW.1
AMPLIFY ONLINE RETAIL ETF,03210810,032108102,27204,1462,USA,IBUY
AMPLIFY SEYMOUR CANNABIS ETF,03210885,032108854,35496,1463,USA,CNBS
AMPLIFY LENDI CRWDFUDING ETF,03210886,032108862,35193,1461,USA,LEND
AMRCN CENT STOXX US QLTY ETF,02507230,025072307,34122,1471,USA,QGRO
AMPLIFY YIELDSHS SENIOR LN,03210830,032108300,28198,1466,USA,YESR
AMRCN CENT QLTY DIV INTL ETF,02507240,025072406,34121,1470,USA,QINT
AMPLIFY YLDSHR OL MLP IN ETF,03210850,032108508,31584,1467,USA,AMLX
AMRCN CNTRY STOXX US VAL ETF,02507220,025072208,32944,1472,USA,VALQ
AMPLIFY TRNSFRMTNL DT SH ETF,03210860,032108607,32952,1465,USA,BLOK
AMSCO INTERNATIONAL INC,03216110,032161101,23787,1480,USA,ASZ.1
AMSTAR CORP,03217300,032173007,1620,1483,USA,4072A
AMPLITUDE HEALTH ACQ,03212A10,03212A105,35854,1469,USA,AMHC
AMTROL INC,03234A10,03234A109,27961,1486,USA,9726B
AMWINS GROUP INC -REDH,03192110,031921109,176671,1491,USA,AGI.2
ANDATCO INC  -CL A,03349010,033490103,5846,1524,USA,3ANDA
ANDA NETWORKS INC,03399X93,03399X936,141463,1521,USA,ANDA.1
ANDEAVOR,03349M10,03349M105,10466,1525,USA,ANDV
ANDREWS GROUP INC,03445400,034454009,3281,1534,USA,9389A
ANDOVER.NET INC,03431810,034318105,127175,1531,USA,ANDN.1
ANDES GOLD CORP,03419720,034197202,62134,1528,USA,AGCZ
ANGELCITI ENTERTAINMENT INC,03462X40,03462X409,150439,1544,USA,AGCI
ANDRX CORP-CONSOLIDATED,03499Z91,03499Z914,143992,1537,USA,ANDX.CM
ANGELES CORP,03462440,034624403,1654,1545,USA,ANGC
ANGHEL LABORATORIES,03475L10,03475L103,9420,1548,USA,3ANGH
ANFIELD CAPITAL DRFD ATV ETF,90213U11,90213U115,32495,1542,USA,DALT
ANGION BIOMEDICA CORP-REDH,34799R93,34799R930,20307,1552,USA,ANGN
ANCHORAGE INTL HOLDINGS CORP,03331010,033310103,182609,1519,USA,AHCP
ANFIELD UNIVRSL FXD INCM ETF,90214Q76,90214Q766,34153,1543,USA,AFIF
ANTARES RESOURCES CORP,03664440,036644409,30895,1578,USA,ANRR
ANNAS LINEN CO-REDH,03599Y93,03599Y932,163928,1568,USA,ANNA
ANOTEROS INC,03633R20,03633R208,187149,1571,USA,ANOS
ANSCOTT INDUSTRIES INC,03634010,036340107,107220,1573,USA,ASCT
ANNAPOLIS BANCSHARES INC,03574510,035745108,29863,1567,USA,ANNB.
ANR PIPELINE CO,00181400,001814003,1048,1572,USA,4267A
ANNANDALE CORP,03571210,035712108,1667,1565,USA,ANNAE
ANTHEM INSURANCE,03673493,036734937,133604,1590,USA,9916B
ANTHONY (C.R.) CO,03677610,036776102,64119,1593,USA,CRAU
ANTERIOS INC  -REDH,03675F10,03675F104,23539,1582,USA,ANTE.1
ANTHEM ELECTRONICS INC,03673210,036732105,1675,1588,USA,ATM.1
AOI COAL CO,00183210,001832104,12155,1598,USA,3AOIC
ANTERO MIDSTREAM PARTNERS LP,03673L10,03673L103,19770,1585,USA,AM.2
APL CORP,00202410,002024107,1058,1615,USA,4328B
APEX TECHNOLOGY ACQUISITION,03768F10,03768F102,35603,1611,USA,APXT
APBIOTECH INC,03799X93,03799X932,142385,1605,USA,APBI
APOLLO GRP UNIV PHOENIX ONLN,03760420,037604204,140261,1626,USA,UOPX
APOLLO INTL DEL INC,03761310,037613106,65067,1627,USA,AIOD
APACHE DESIGN SOLUTIONS-REDH,03799W93,03799W934,186716,1603,USA,APAD
APOLLO RESOURCES INTL INC,03762210,037622107,107523,1632,USA,AOOR
APOLLO EDUCATION GROUP INC,03760410,037604105,31122,1622,USA,APOL
APOGEE ROBOTICS INC -OLD,03799X95,03799X957,11706,1618,USA,APRB.1
APPALACHIAN OIL & GAS CO INC,03772520,037725207,12508,1636,USA,3AOGAE
APPALACHIAN POWER,03799Y00,03799Y005,1689,1637,USA,AEP1
APPDYNAMICS INC-REDH,03780P10,03780P104,29630,1640,USA,APPD
APPIAN TECHNOLOGY INC,03792810,037928108,11695,1643,USA,APPG.
APPLETREE COMPANIES INC,03814E30,03814E307,24903,1651,USA,ATREQ
APPLIED MEDICAL CORP  -REDH,03899O94,03899O949,170683,1672,USA,6197B
APPLIED MOLEC TRAN INC -REDH,03824M10,03824M109,36496,1676,USA,ATMI
APPLIED IMMUNE SCIENCES/DE,03820F10,03820F108,23979,1666,USA,AISX
APPLETON PAPERS INC,03899Q00,03899Q001,147565,1650,USA,0082A
APPLIED MACHINING TECH INC,03820810,038208104,6879,1669,USA,3APMHE
APPOINT TECHNOLOGIES INC,03831710,038317103,9997,1691,USA,3APNGE
APPLIED SOLAR ENERGY CORP,03823910,038239109,1707,1684,USA,SOLR.2
APPTIGO INTERNATIONAL INC,03834Q10,03834Q108,20470,1694,USA,APPG
APPLIED PRECISION INC -REDH,03823D10,03823D100,175403,1680,USA,APLI.1
APRISMA MGMT TECHNOLOGS-REDH,03833K10,03833K102,147304,1699,USA,APRM.
APTUS COLLARED INM OPPO ETF,26922A22,26922A222,35446,1710,USA,ACIO
APTUS DRAWDOWN MANAGED EQUTY,26922A78,26922A784,27475,1712,USA,ADME
APTUS FORTIFIED VALUE ETF,26922A61,26922A610,32659,1713,USA,FTVA
APTUS DEFINED RISK ETF,26922A38,26922A388,33974,1711,USA,DRSK
APS HEALTHCARE INC,00199X93,00199X934,142466,1702,USA,APSH
APTALIS HOLDINGS INC  -REDH,03899L93,03899L937,19424,1705,USA,APTA
APS HOLDING CORP  -CL A,00193710,001937101,24400,1703,USA,APSI.
AQUASCIENCES INTL INC,03838L10,03838L105,12461,1731,USA,AQSIC
AQUANATURAL CO,03838P10,03838P106,25962,1725,USA,3AQQAE
AQUAMED TECHNOLOGIES  -REDH,03899M93,03899M935,34624,1724,USA,TOPP
AQUA-CHEM INC,03837493,038374930,145873,1721,USA,0139B
AQUAPENN SPRING WATER INC,03838X10,03838X109,66391,1728,USA,APN.3
AQUILA INC-OLD,03840J10,03840J106,143318,1736,USA,ILA.1
ARAMED INC,03852510,038525101,25144,1743,USA,ARAM
ARAMARK CORP  -CL B,00203493,002034932,14097,1742,USA,4774B
ARBOR NATIONAL HOLDINGS INC,03876110,038761102,25630,1750,USA,ARBH
ARBORGEN INC  -REDH,03878Q10,03878Q105,186608,1753,USA,ARBR
ARCHIVE CORP,03957510,039575105,1724,1774,USA,ACHV.1
ARCHSTONE INC  -OLD,03999X91,03999X914,13720,1778,USA,ASN.2
ARC LOGISTICS PARTNERS LP,03879N10,03879N101,18866,1757,USA,ARCX
ARCHIBALD CANDY CORP,03999W00,03999W007,128518,1771,USA,0094A
ARCIS RESOURCES CORP,03959D20,03959D205,185626,1781,USA,ARCS
ARCADIAN PARTNERS LP  -PREF,03923010,039230107,25190,1764,USA,UAN.1
ARCSOFT INC-REDH,03999Y95,03999Y953,161112,1786,USA,ARCT.1
ARCONIC CORP,03966V10,03966V107,35978,1783,USA,ARNC
ARDEN INDUSTRIAL PRODS INC,03978010,039780101,29754,1796,USA,AFAS
ARCUS INC,03968E10,03968E103,20911,1791,USA,ARKS
ARCTIC ALASKA FISHERIES,03966810,039668108,14455,1787,USA,ICE.2
ARDEN GROUP INC  -CL A,03976210,039762109,1728,1795,USA,ARDNA
ARDEN INTL KITCHEN INC,03978210,039782107,1729,1797,USA,AIKI.1
ARETE INDUSTRIES INC,04009830,040098303,20180,1811,USA,ARET
ARGENT CAPITAL CORP,03992110,039921101,26884,1814,USA,ACCT
ARGENT BANK/LA,04010A10,04010A107,25696,1813,USA,AGB.1
ARCUTIS BIOTHERAPEUTICS INC,03969K10,03969K108,36028,1792,USA,ARQT
ARCHSTONE INC-REDH,03999V93,03999V934,8787,1779,USA,ASN
ARDENT HEALTH PARTNER -REDH,03999F93,03999F939,34526,1800,USA,ARDT
ARGO-TECH CORP,04014693,040146938,145875,1822,USA,0140B
ARGONAUT GOLD INC,04016A10,04016A101,178384,1817,USA,ARNGF
ARIOSA DIAGNOSTICS INC-REDH,04099D93,04099D931,20080,1832,USA,AROS
ARIX CORP,04045310,040453102,14888,1841,USA,8578B
ARIMETCO INTL INC,04039L10,04039L100,22793,1831,USA,3522B
ARK 3D PRINTING ETF,00214Q50,00214Q500,27702,1844,USA,PRNT
ARK GENOMIC REV MULTI-SECTOR,00214Q30,00214Q302,22077,1846,USA,ARKG
ARK IRL INNVTIVE TCHNLGY ETF,00214Q60,00214Q609,32786,1849,USA,IZRL
ARISTOCRAT GROUP CORP,04044320,040443202,170387,1838,USA,ASCC
ARK FINTECH INNOVATION ETF,00214Q70,00214Q708,34763,1845,USA,ARKF
ARISTA FINANCIAL CORP,04040510,040405102,187100,1834,USA,ARST
ARKANSAS ELECTRIC COOP CORP,04099Y93,04099Y935,24947,1852,USA,7398B
ARMADA CORP,04208310,042083105,1753,1859,USA,3AMDA
ARISTOTLE INTL INC,04044K10,04044K105,140907,1840,USA,VOTE
ARMADA WATER ASSETS -REDH,04216120,042161208,21011,1861,USA,AWA
ARK INDL INNOVATION ETF,00214Q20,00214Q203,21862,1847,USA,ARKQ
ARMO BIOSCIENCES INC,04225U10,04225U104,32895,1869,USA,ARMO
ARMSTRONG ENERGY INC-REDH,04299S93,04299S936,190578,1874,USA,ARMS
ARMKEL LLC,04224893,042248930,152291,1868,USA,0388B
ARMORED AUTOGROUP INC,04226Q99,04226Q995,15148,1872,USA,8552B
ARK INNOVATION ETF,00214Q10,00214Q104,22076,1848,USA,ARKK
AROG PHARMACEUTICALS  -REDH,04299F93,04299F934,34220,1883,USA,AROG
ARMITEC INC,04224210,042242107,144564,1867,USA,AMTI.
ARROW DOGS OF THE WORLD ETF,04276569,042765693,32903,1890,USA,DOGS
ARROW DOW JONES GLBL YLD ETF,04273H10,04273H104,1352,1891,USA,GYLD
ARK WEB X.0 ETF,00214Q40,00214Q401,21863,1851,USA,ARKW
ARMSTRONG RESOURCE PRTN-REDH,04299R93,04299R938,190579,1878,USA,ARPS
ARROW QVM EQUITY FACTOR ETF,04276578,042765784,23187,1899,USA,QVM
ARMSTRONG PHARMACEUTICALS,04244910,042449108,20899,1877,USA,ATPH
ARROW RESOURCES DEVLPMT INC,04276R10,04276R109,12466,1900,USA,ARWD
ARTEL COMMUNICATIONS CORP,04300910,043009109,1779,1909,USA,AXXX
ARTECON INC,04300310,043003102,64544,1908,USA,ARTE.1
ARROWPOINT COMMUNICATION INC,04281010,042810101,133524,1903,USA,ARPT
ARTEC GLOBAL MEDIA INC,04300F10,04300F105,18534,1906,USA,ACTL
ARTEMIS US CAPITAL APPREC FD,04301X10,04301X105,186746,1913,USA,AUF.UN
ARROW INV TR - ARROWSHA,04276571,042765719,30762,1896,USA,ARCM
ARROW INV TR DWA TACTICL ETF,04276579,042765792,21870,1897,USA,DWAT
ARTECH SYSTEMS INC,04290220,042902205,13738,1907,USA,8224B
ARROW DWA COUNTRY ROTATN ETF,04276568,042765685,32891,1892,USA,DWCR
ARTERIAL VASCULAR ENGR INC,04301310,043013101,62572,1914,USA,AVEI
ARTISAN CONSUMER GOODS INC,04316M10,04316M102,170995,1922,USA,ARRT
ASANTE SOLUTIONS INC -REDH,04342B10,04342B104,22635,1941,USA,PUMP.2
ASB HAWAII INC -SPN,00215C10,00215C104,25425,1946,USA,ASBH.WI
ASCEND ACQUISITION CORP-OLD2,04399S93,04399S935,170834,1949,USA,ASCQ.2
ASALLIANCES BIOFUELS -REDH,04393Y93,04393Y938,176352,1940,USA,ASAB.
ASCENT ENERGY INC -REDH,04362R10,04362R104,144927,1953,USA,ACNT
ASI LIQUIDATING CORP,00210S10,00210S104,61631,1970,USA,ASIL
ARYA SCIENCES ACQ CORP,G3165V10,G3165V109,34258,1932,USA,ARYA
ASIA ELECTRONICS HOLDING CO,04516K10,04516K104,65475,1972,USA,AEHZ
ASPEN IMAGING INTL INC,04530110,045301108,1798,1985,USA,ARIB
ASPEN LEAF INC,04529910,045299104,13595,1986,USA,3TREE
ASPEN MARINE GROUP INC,04530J30,04530J307,17401,1987,USA,AMAG.2
ASPEN BANCSHARES INC,04524310,045243102,24276,1982,USA,ASBK
ASPIRE JAPAN INC,04537Q10,04537Q106,178808,1990,USA,ASJP
ASSERTIO HOLDINGS INC,04546C10,04546C106,65944,1994,USA,ASRT
ASIAN-AMERICAN INTL,04516Q10,04516Q101,11159,1974,USA,3VICM.
ASK GROUP INC,00190310,001903103,1054,1975,USA,ASKI
ASSET CAPITAL CORP INC -REDH,04544C20,04544C207,165163,1996,USA,ACCI
ASSET ACCEPTANCE CAPITL CP,04543P10,04543P100,157058,1995,USA,AACC
